range,userId,firstName,lastName,contactNo,email,type,stripeCustomerId,stripeDefaultSourceId,stripeAccountId,chargePercentage,password,selectedContentTypes,imageUrl,latitude,longitude,created,dob,paymentCards,vehicle
5,2BBui,John,Customer,447966265016,John.Customer@email.com,customer,cus_Bxeiko7yw4hcgH,card_1CIFlgJf2h7PvwluK2KHun6D,,0,"$argon2i$v=19$m=65536,t=2,p=1$w61m6x8Nuy8Mr67d/VEWNg$Ah69QMTsN+ICkXBqfG/4dpvj5xY1ITz1Wq+b5E8Cq8Y",,,51.49699337,-0.09433877,[NOW-3],02/06/1975,ref://data/defaultPaymentCards.json,ref://data/vehicleDetails.json
5,2BBui1,Robert,Smith,447966265016,Robert.Smith@email.com,customer,cus_Bxeiko7yw4hcgH,card_1BZjOtJf2h7PvwlulrG7Lrbx,,0,"$argon2i$v=19$m=65536,t=2,p=1$w61m6x8Nuy8Mr67d/VEWNg$Ah69QMTsN+ICkXBqfG/4dpvj5xY1ITz1Wq+b5E8Cq8Y",,,51.55040038,-0.10260881,[NOW-3],01/09/1975,ref://data/defaultPaymentCards.json,ref://data/vehicleDetails.json
5,2BBui2,Michael,Jones,447966265016,Michael.Jones@email.com,customer,cus_Bxeiko7yw4hcgH,card_1BZjOtJf2h7PvwlulrG7Lrbx,,0,"$argon2i$v=19$m=65536,t=2,p=1$w61m6x8Nuy8Mr67d/VEWNg$Ah69QMTsN+ICkXBqfG/4dpvj5xY1ITz1Wq+b5E8Cq8Y",,,51.49993395,-0.21547285,[NOW-3],05/01/1976,ref://data/defaultPaymentCards.json,ref://data/vehicleDetails.json
5,2BBui3,William,Taylor,447966265016,William.Taylor@email.com,customer,cus_Bxeiko7yw4hcgH,card_1BZjOtJf2h7PvwlulrG7Lrbx,,0,"$argon2i$v=19$m=65536,t=2,p=1$w61m6x8Nuy8Mr67d/VEWNg$Ah69QMTsN+ICkXBqfG/4dpvj5xY1ITz1Wq+b5E8Cq8Y",,,51.53666946,-0.16631791,[NOW-3],29/07/1976,ref://data/defaultPaymentCards.json,ref://data/vehicleDetails.json
5,2BBui4,David,Williams,447966265016,David.Williams@email.com,customer,cus_Bxeiko7yw4hcgH,card_1BZjOtJf2h7PvwlulrG7Lrbx,,0,"$argon2i$v=19$m=65536,t=2,p=1$w61m6x8Nuy8Mr67d/VEWNg$Ah69QMTsN+ICkXBqfG/4dpvj5xY1ITz1Wq+b5E8Cq8Y",,,51.52718344,-0.12332824,[NOW-3],10/03/1977,ref://data/defaultPaymentCards.json,ref://data/vehicleDetails.json
5,2BBui5,Richard,Brown,447966265016,Richard.Brown@email.com,customer,cus_Bxeiko7yw4hcgH,card_1BZjOtJf2h7PvwlulrG7Lrbx,,0,"$argon2i$v=19$m=65536,t=2,p=1$w61m6x8Nuy8Mr67d/VEWNg$Ah69QMTsN+ICkXBqfG/4dpvj5xY1ITz1Wq+b5E8Cq8Y",,,51.4704186,-0.13029717,[NOW-3],15/08/1977,ref://data/defaultPaymentCards.json,ref://data/vehicleDetails.json
5,2BBui6,Joseph,Davies,447966265016,Joseph.Davies@email.com,customer,cus_Bxeiko7yw4hcgH,card_1BZjOtJf2h7PvwlulrG7Lrbx,,0,"$argon2i$v=19$m=65536,t=2,p=1$w61m6x8Nuy8Mr67d/VEWNg$Ah69QMTsN+ICkXBqfG/4dpvj5xY1ITz1Wq+b5E8Cq8Y",,,51.53409248,-0.15396801,[NOW-3],01/02/1978,ref://data/defaultPaymentCards.json,ref://data/vehicleDetails.json
5,2BBui7,Thomas,Evans,447966265016,Thomas.Evans@email.com,customer,cus_Bxeiko7yw4hcgH,card_1BZjOtJf2h7PvwlulrG7Lrbx,,0,"$argon2i$v=19$m=65536,t=2,p=1$w61m6x8Nuy8Mr67d/VEWNg$Ah69QMTsN+ICkXBqfG/4dpvj5xY1ITz1Wq+b5E8Cq8Y",,,51.47406248,-0.18639868,[NOW-3],21/05/1978,ref://data/defaultPaymentCards.json,ref://data/vehicleDetails.json
5,2BBui8,Charles,Wilson,447966265016,Charles.Wilson@email.com,customer,cus_Bxeiko7yw4hcgH,card_1BZjOtJf2h7PvwlulrG7Lrbx,,0,"$argon2i$v=19$m=65536,t=2,p=1$w61m6x8Nuy8Mr67d/VEWNg$Ah69QMTsN+ICkXBqfG/4dpvj5xY1ITz1Wq+b5E8Cq8Y",,,51.50590203,-0.15275896,[NOW-3],09/09/1978,ref://data/defaultPaymentCards.json,ref://data/vehicleDetails.json
5,2BBui9,Christopher,Thomas,447966265016,Christopher.Thomas@email.com,customer,cus_Bxeiko7yw4hcgH,card_1BZjOtJf2h7PvwlulrG7Lrbx,,0,"$argon2i$v=19$m=65536,t=2,p=1$w61m6x8Nuy8Mr67d/VEWNg$Ah69QMTsN+ICkXBqfG/4dpvj5xY1ITz1Wq+b5E8Cq8Y",,,51.50056378,-0.1603396,[NOW-3],15/02/1979,ref://data/defaultPaymentCards.json,ref://data/vehicleDetails.json
5,2BBui10,Daniel,Roberts,447966265016,Daniel.Roberts@email.com,customer,cus_Bxeiko7yw4hcgH,card_1BZjOtJf2h7PvwlulrG7Lrbx,,0,"$argon2i$v=19$m=65536,t=2,p=1$w61m6x8Nuy8Mr67d/VEWNg$Ah69QMTsN+ICkXBqfG/4dpvj5xY1ITz1Wq+b5E8Cq8Y",,,51.55208375,-0.08373966,[NOW-3],20/12/1979,ref://data/defaultPaymentCards.json,ref://data/vehicleDetails.json
5,2BBui11,Matthew,Johnson,447966265016,Matthew.Johnson@email.com,customer,cus_Bxeiko7yw4hcgH,card_1BZjOtJf2h7PvwlulrG7Lrbx,,0,"$argon2i$v=19$m=65536,t=2,p=1$w61m6x8Nuy8Mr67d/VEWNg$Ah69QMTsN+ICkXBqfG/4dpvj5xY1ITz1Wq+b5E8Cq8Y",,,51.52993556,-0.08889198,[NOW-3],26/01/1982,ref://data/defaultPaymentCards.json,ref://data/vehicleDetails.json
5,2BBui12,Anthony,Smith,447966265016,Anthony.Smith@email.com,customer,cus_Bxeiko7yw4hcgH,card_1BZjOtJf2h7PvwlulrG7Lrbx,,0,"$argon2i$v=19$m=65536,t=2,p=1$w61m6x8Nuy8Mr67d/VEWNg$Ah69QMTsN+ICkXBqfG/4dpvj5xY1ITz1Wq+b5E8Cq8Y",,,51.45674236,-0.10599083,[NOW-3],29/03/1985,ref://data/defaultPaymentCards.json,ref://data/vehicleDetails.json
5,2BBui13,Donald,Jones,447966265016,Donald.Jones@email.com,customer,cus_Bxeiko7yw4hcgH,card_1BZjOtJf2h7PvwlulrG7Lrbx,,0,"$argon2i$v=19$m=65536,t=2,p=1$w61m6x8Nuy8Mr67d/VEWNg$Ah69QMTsN+ICkXBqfG/4dpvj5xY1ITz1Wq+b5E8Cq8Y",,,51.50441783,-0.12868059,[NOW-3],15/05/1985,ref://data/defaultPaymentCards.json,ref://data/vehicleDetails.json
5,2BBui14,Mark,Taylor,447966265016,Mark.Taylor@email.com,customer,cus_Bxeiko7yw4hcgH,card_1BZjOtJf2h7PvwlulrG7Lrbx,,0,"$argon2i$v=19$m=65536,t=2,p=1$w61m6x8Nuy8Mr67d/VEWNg$Ah69QMTsN+ICkXBqfG/4dpvj5xY1ITz1Wq+b5E8Cq8Y",,,51.53653864,-0.09756523,[NOW-3],14/09/1986,ref://data/defaultPaymentCards.json,ref://data/vehicleDetails.json
5,2BBui15,Paul,Williams,447966265016,Paul.Williams@email.com,customer,cus_Bxeiko7yw4hcgH,card_1BZjOtJf2h7PvwlulrG7Lrbx,,0,"$argon2i$v=19$m=65536,t=2,p=1$w61m6x8Nuy8Mr67d/VEWNg$Ah69QMTsN+ICkXBqfG/4dpvj5xY1ITz1Wq+b5E8Cq8Y",,,51.51384774,-0.16983471,[NOW-3],05/04/1989,ref://data/defaultPaymentCards.json,ref://data/vehicleDetails.json
5,3ABCD,Bob,Builder,447733362799,Bob.Builder@email.com,partner,cus_Bxeiko7yw4hcgH,card_1BZjOtJf2h7PvwlulrG7Lrbx,acct_1BkvcFEHyvjwxaQs,10,"$argon2i$v=19$m=65536,t=2,p=1$NwjimNeLR4uu0mcSrzOOCQ$3W7U6ZAkTlZJ+Lswc1o1tUThzS7ok+IP+TamCn5Hys8",ref://data/allRounderContentTypes.json,https://shotgunclientimages.s3.eu-west-2.amazonaws.com/driverImages/f163e97c-3eae-4f1f-a5cd-ffebea25cd25.jpg,51.51448501,-0.12021838,[NOW-3],07/09/1990,ref://data/defaultPaymentCards.json,ref://data/vehicleDetails.json
5,3ABCD2,Steven,Brown,447733362799,Steven.Brown@email.com,partner,cus_Bxeiko7yw4hcgH,card_1BZjOtJf2h7PvwlulrG7Lrbx,acct_1BkvcFEHyvjwxaQs,10,"$argon2i$v=19$m=65536,t=2,p=1$NwjimNeLR4uu0mcSrzOOCQ$3W7U6ZAkTlZJ+Lswc1o1tUThzS7ok+IP+TamCn5Hys8",ref://data/allRounderContentTypes.json,https://encrypted-tbn0.gstatic.com/images?q=tbn:ANd9GcT5G2SKTLGYf-tfGsT73NnIQAlQEX9fDQSpRckC6sQDIML6XbRifg,51.50599877,-0.20461191,[NOW-3],31/01/1991,ref://data/defaultPaymentCards.json,ref://data/vehicleDetails.json
5,3ABCD3,Andrew,Davies,447733362799,Andrew.Davies@email.com,partner,cus_Bxeiko7yw4hcgH,card_1BZjOtJf2h7PvwlulrG7Lrbx,acct_1BkvcFEHyvjwxaQs,10,"$argon2i$v=19$m=65536,t=2,p=1$NwjimNeLR4uu0mcSrzOOCQ$3W7U6ZAkTlZJ+Lswc1o1tUThzS7ok+IP+TamCn5Hys8",ref://data/allRounderContentTypes.json,https://static1.squarespace.com/static/53a05d04e4b03f568ef6dc69/58bdf1c703596e79663bfab9/58bdf1f1b8a79b7c5994bcf7/1491030762778/MH_010317_Windows_27.JPG,51.50882498,-0.06413978,[NOW-3],15/09/1994,ref://data/defaultPaymentCards.json,ref://data/vehicleDetails.json
5,3ABCD4,Kenneth,Evans,447733362799,Kenneth.Evans@email.com,partner,cus_Bxeiko7yw4hcgH,card_1BZjOtJf2h7PvwlulrG7Lrbx,acct_1BkvcFEHyvjwxaQs,10,"$argon2i$v=19$m=65536,t=2,p=1$NwjimNeLR4uu0mcSrzOOCQ$3W7U6ZAkTlZJ+Lswc1o1tUThzS7ok+IP+TamCn5Hys8",ref://data/allRounderContentTypes.json,https://encrypted-tbn0.gstatic.com/images?q=tbn:ANd9GcTpafArKZzVfhK7Kqd6gtI6_i-RN-_Mkwl_12Yk-5IsEBpFswivnw,52.57023863,-2.08280047,[NOW-3],29/10/1994,ref://data/defaultPaymentCards.json,ref://data/vehicleDetails.json
5,3ABCD5,George,Wilson,447733362799,George.Wilson@email.com,partner,cus_Bxeiko7yw4hcgH,card_1BZjOtJf2h7PvwlulrG7Lrbx,acct_1BkvcFEHyvjwxaQs,10,"$argon2i$v=19$m=65536,t=2,p=1$NwjimNeLR4uu0mcSrzOOCQ$3W7U6ZAkTlZJ+Lswc1o1tUThzS7ok+IP+TamCn5Hys8",ref://data/allRounderContentTypes.json,https://encrypted-tbn0.gstatic.com/images?q=tbn:ANd9GcTdXyYB_c2JDNXF7TrQ8CDUlxHaEJW4gDEe1Ud14TPCV0G6ac69ug,52.58335789,-2.11810743,[NOW-3],27/06/1995,ref://data/defaultPaymentCards.json,ref://data/vehicleDetails.json
5,3ABCD6,Joshua,Thomas,447733362799,Joshua.Thomas@email.com,partner,cus_Bxeiko7yw4hcgH,card_1BZjOtJf2h7PvwlulrG7Lrbx,acct_1BkvcFEHyvjwxaQs,10,"$argon2i$v=19$m=65536,t=2,p=1$NwjimNeLR4uu0mcSrzOOCQ$3W7U6ZAkTlZJ+Lswc1o1tUThzS7ok+IP+TamCn5Hys8",ref://data/allRounderContentTypes.json,https://encrypted-tbn0.gstatic.com/images?q=tbn:ANd9GcRD4uX1A8yPYtyeya-Ofcq4bGOSRDZxwEdspgmBJlfaGf44LV7i,52.56459623,-2.06612438,[NOW-3],13/08/1996,ref://data/defaultPaymentCards.json,ref://data/vehicleDetails.json
5,3ABCD7,Kevin,Roberts,447733362799,Kevin.Roberts@email.com,partner,cus_Bxeiko7yw4hcgH,card_1BZjOtJf2h7PvwlulrG7Lrbx,acct_1BkvcFEHyvjwxaQs,10,"$argon2i$v=19$m=65536,t=2,p=1$NwjimNeLR4uu0mcSrzOOCQ$3W7U6ZAkTlZJ+Lswc1o1tUThzS7ok+IP+TamCn5Hys8",ref://data/allRounderContentTypes.json,https://encrypted-tbn0.gstatic.com/images?q=tbn:ANd9GcT5G2SKTLGYf-tfGsT73NnIQAlQEX9fDQSpRckC6sQDIML6XbRifg,52.61486393,-2.09930516,[NOW-3],07/11/1997,ref://data/defaultPaymentCards.json,ref://data/vehicleDetails.json
5,3ABCD8,Brian,Johnson,447733362799,Brian.Johnson@email.com,partner,cus_Bxeiko7yw4hcgH,card_1BZjOtJf2h7PvwlulrG7Lrbx,acct_1BkvcFEHyvjwxaQs,10,"$argon2i$v=19$m=65536,t=2,p=1$NwjimNeLR4uu0mcSrzOOCQ$3W7U6ZAkTlZJ+Lswc1o1tUThzS7ok+IP+TamCn5Hys8",ref://data/allRounderContentTypes.json,https://encrypted-tbn0.gstatic.com/images?q=tbn:ANd9GcTLnsvtZMQjLqQhn5gOOt60cyL4NTIy0ToiBFGYvgmhMSn7KvjX,52.5602692,-2.12537311,[NOW-3],20/12/1997,ref://data/defaultPaymentCards.json,ref://data/vehicleDetails.json
5,3ABCD9,Edward,Lewis,447733362799,Edward.Lewis@email.com,partner,cus_Bxeiko7yw4hcgH,card_1BZjOtJf2h7PvwlulrG7Lrbx,acct_1BkvcFEHyvjwxaQs,10,"$argon2i$v=19$m=65536,t=2,p=1$NwjimNeLR4uu0mcSrzOOCQ$3W7U6ZAkTlZJ+Lswc1o1tUThzS7ok+IP+TamCn5Hys8",ref://data/allRounderContentTypes.json,https://encrypted-tbn0.gstatic.com/images?q=tbn:ANd9GcSrbbkdvKtXPdYRM1AgEhPHrgfTx2y0BmZrrzbuJWMShRNOb9qR,52.58357101,-2.07992839,[NOW-3],20/10/1998,ref://data/defaultPaymentCards.json,ref://data/vehicleDetails.json
5,3ABCD10,Ronald,Walker,447733362799,Ronald.Walker@email.com,partner,cus_Bxeiko7yw4hcgH,card_1BZjOtJf2h7PvwlulrG7Lrbx,acct_1BkvcFEHyvjwxaQs,10,"$argon2i$v=19$m=65536,t=2,p=1$NwjimNeLR4uu0mcSrzOOCQ$3W7U6ZAkTlZJ+Lswc1o1tUThzS7ok+IP+TamCn5Hys8",ref://data/allRounderContentTypes.json,https://picsum.photos/200/300?image=8,52.55172104,-2.13526073,[NOW-3],03/10/1975,ref://data/defaultPaymentCards.json,ref://data/vehicleDetails.json
5,3ABCD11,Timothy,Robinson,447733362799,Timothy.Robinson@email.com,partner,cus_Bxeiko7yw4hcgH,card_1BZjOtJf2h7PvwlulrG7Lrbx,acct_1BkvcFEHyvjwxaQs,10,"$argon2i$v=19$m=65536,t=2,p=1$NwjimNeLR4uu0mcSrzOOCQ$3W7U6ZAkTlZJ+Lswc1o1tUThzS7ok+IP+TamCn5Hys8",ref://data/allRounderContentTypes.json,https://picsum.photos/200/300?image=9,52.53420967,-2.16571764,[NOW-3],22/03/1976,ref://data/defaultPaymentCards.json,ref://data/vehicleDetails.json
5,3ABCD12,Jason,Wood,447733362799,Jason.Wood@email.com,partner,cus_Bxeiko7yw4hcgH,card_1BZjOtJf2h7PvwlulrG7Lrbx,acct_1BkvcFEHyvjwxaQs,10,"$argon2i$v=19$m=65536,t=2,p=1$NwjimNeLR4uu0mcSrzOOCQ$3W7U6ZAkTlZJ+Lswc1o1tUThzS7ok+IP+TamCn5Hys8",ref://data/allRounderContentTypes.json,https://picsum.photos/200/300?image=10,52.59920557,-2.0511836,[NOW-3],05/01/1977,ref://data/defaultPaymentCards.json,ref://data/vehicleDetails.json
5,3ABCD13,Jeffrey,Thompson,447733362799,Jeffrey.Thompson@email.com,partner,cus_Bxeiko7yw4hcgH,card_1BZjOtJf2h7PvwlulrG7Lrbx,acct_1BkvcFEHyvjwxaQs,10,"$argon2i$v=19$m=65536,t=2,p=1$NwjimNeLR4uu0mcSrzOOCQ$3W7U6ZAkTlZJ+Lswc1o1tUThzS7ok+IP+TamCn5Hys8",ref://data/allRounderContentTypes.json,https://picsum.photos/200/300?image=11,52.63053395,-2.09875721,[NOW-3],10/11/1977,ref://data/defaultPaymentCards.json,ref://data/vehicleDetails.json
5,3ABCD14,Ryan,White,447733362799,Ryan.White@email.com,partner,cus_Bxeiko7yw4hcgH,card_1BZjOtJf2h7PvwlulrG7Lrbx,acct_1BkvcFEHyvjwxaQs,10,"$argon2i$v=19$m=65536,t=2,p=1$NwjimNeLR4uu0mcSrzOOCQ$3W7U6ZAkTlZJ+Lswc1o1tUThzS7ok+IP+TamCn5Hys8",ref://data/allRounderContentTypes.json,https://picsum.photos/200/300?image=12,51.49691628,-0.21206017,[NOW-3],22/05/1980,ref://data/defaultPaymentCards.json,ref://data/vehicleDetails.json
5,3ABCD15,Gary,Watson,447733362799,Gary.Watson@email.com,partner,cus_Bxeiko7yw4hcgH,card_1BZjOtJf2h7PvwlulrG7Lrbx,acct_1BkvcFEHyvjwxaQs,10,"$argon2i$v=19$m=65536,t=2,p=1$NwjimNeLR4uu0mcSrzOOCQ$3W7U6ZAkTlZJ+Lswc1o1tUThzS7ok+IP+TamCn5Hys8",ref://data/allRounderContentTypes.json,https://picsum.photos/200/300?image=13,51.48806903,-0.05996974,[NOW-3],02/01/1982,ref://data/defaultPaymentCards.json,ref://data/vehicleDetails.json
5,3ABCD16,Jacob,Jackson,447733362799,Jacob.Jackson@email.com,partner,cus_Bxeiko7yw4hcgH,card_1BZjOtJf2h7PvwlulrG7Lrbx,acct_1BkvcFEHyvjwxaQs,10,"$argon2i$v=19$m=65536,t=2,p=1$NwjimNeLR4uu0mcSrzOOCQ$3W7U6ZAkTlZJ+Lswc1o1tUThzS7ok+IP+TamCn5Hys8",ref://data/allRounderContentTypes.json,https://picsum.photos/200/300?image=14,51.48665555,-0.10230927,[NOW-3],14/04/1983,ref://data/defaultPaymentCards.json,ref://data/vehicleDetails.json
5,3ABCD17,Nicholas,Wright,447733362799,Nicholas.Wright@email.com,partner,cus_Bxeiko7yw4hcgH,card_1BZjOtJf2h7PvwlulrG7Lrbx,acct_1BkvcFEHyvjwxaQs,10,"$argon2i$v=19$m=65536,t=2,p=1$NwjimNeLR4uu0mcSrzOOCQ$3W7U6ZAkTlZJ+Lswc1o1tUThzS7ok+IP+TamCn5Hys8",ref://data/allRounderContentTypes.json,https://picsum.photos/200/300?image=15,51.5309552,-0.12868695,[NOW-3],07/06/1983,ref://data/defaultPaymentCards.json,ref://data/vehicleDetails.json
5,3ABCD18,Eric,Green,447733362799,Eric.Green@email.com,partner,cus_Bxeiko7yw4hcgH,card_1BZjOtJf2h7PvwlulrG7Lrbx,acct_1BkvcFEHyvjwxaQs,10,"$argon2i$v=19$m=65536,t=2,p=1$NwjimNeLR4uu0mcSrzOOCQ$3W7U6ZAkTlZJ+Lswc1o1tUThzS7ok+IP+TamCn5Hys8",ref://data/allRounderContentTypes.json,https://picsum.photos/200/300?image=16,51.48669855,-0.18448629,[NOW-3],01/05/1984,ref://data/defaultPaymentCards.json,ref://data/vehicleDetails.json
5,3ABCD19,Stephen,Harris,447733362799,Stephen.Harris@email.com,partner,cus_Bxeiko7yw4hcgH,card_1BZjOtJf2h7PvwlulrG7Lrbx,acct_1BkvcFEHyvjwxaQs,10,"$argon2i$v=19$m=65536,t=2,p=1$NwjimNeLR4uu0mcSrzOOCQ$3W7U6ZAkTlZJ+Lswc1o1tUThzS7ok+IP+TamCn5Hys8",ref://data/allRounderContentTypes.json,https://picsum.photos/200/300?image=17,51.46724257,-0.09842082,[NOW-3],02/10/1984,ref://data/defaultPaymentCards.json,ref://data/vehicleDetails.json
5,3ABCD20,Jonathan,Cooper,447733362799,Jonathan.Cooper@email.com,partner,cus_Bxeiko7yw4hcgH,card_1BZjOtJf2h7PvwlulrG7Lrbx,acct_1BkvcFEHyvjwxaQs,10,"$argon2i$v=19$m=65536,t=2,p=1$NwjimNeLR4uu0mcSrzOOCQ$3W7U6ZAkTlZJ+Lswc1o1tUThzS7ok+IP+TamCn5Hys8",ref://data/allRounderContentTypes.json,https://picsum.photos/200/300?image=18,51.52764746,-0.13141074,[NOW-3],24/05/1985,ref://data/defaultPaymentCards.json,ref://data/vehicleDetails.json
5,3ABCD21,Larry,King,447733362799,Larry.King@email.com,partner,cus_Bxeiko7yw4hcgH,card_1BZjOtJf2h7PvwlulrG7Lrbx,acct_1BkvcFEHyvjwxaQs,10,"$argon2i$v=19$m=65536,t=2,p=1$NwjimNeLR4uu0mcSrzOOCQ$3W7U6ZAkTlZJ+Lswc1o1tUThzS7ok+IP+TamCn5Hys8",ref://data/allRounderContentTypes.json,https://picsum.photos/200/300?image=19,51.53752459,-0.14728426,[NOW-3],21/06/1985,ref://data/defaultPaymentCards.json,ref://data/vehicleDetails.json
5,3ABCD22,Justin,Lee,447733362799,Justin.Lee@email.com,partner,cus_Bxeiko7yw4hcgH,card_1BZjOtJf2h7PvwlulrG7Lrbx,acct_1BkvcFEHyvjwxaQs,10,"$argon2i$v=19$m=65536,t=2,p=1$NwjimNeLR4uu0mcSrzOOCQ$3W7U6ZAkTlZJ+Lswc1o1tUThzS7ok+IP+TamCn5Hys8",ref://data/allRounderContentTypes.json,https://picsum.photos/200/300?image=20,51.45167115,-0.14914955,[NOW-3],22/04/1986,ref://data/defaultPaymentCards.json,ref://data/vehicleDetails.json
5,3ABCD23,Scott,Martin,447733362799,Scott.Martin@email.com,partner,cus_Bxeiko7yw4hcgH,card_1BZjOtJf2h7PvwlulrG7Lrbx,acct_1BkvcFEHyvjwxaQs,10,"$argon2i$v=19$m=65536,t=2,p=1$NwjimNeLR4uu0mcSrzOOCQ$3W7U6ZAkTlZJ+Lswc1o1tUThzS7ok+IP+TamCn5Hys8",ref://data/allRounderContentTypes.json,https://picsum.photos/200/300?image=21,51.54186113,-0.06221665,[NOW-3],24/02/1988,ref://data/defaultPaymentCards.json,ref://data/vehicleDetails.json
5,3ABCD24,Frank,Clarke,447733362799,Frank.Clarke@email.com,partner,cus_Bxeiko7yw4hcgH,card_1BZjOtJf2h7PvwlulrG7Lrbx,acct_1BkvcFEHyvjwxaQs,10,"$argon2i$v=19$m=65536,t=2,p=1$NwjimNeLR4uu0mcSrzOOCQ$3W7U6ZAkTlZJ+Lswc1o1tUThzS7ok+IP+TamCn5Hys8",ref://data/allRounderContentTypes.json,https://picsum.photos/200/300?image=22,51.54163712,-0.15695333,[NOW-3],13/06/1989,ref://data/defaultPaymentCards.json,ref://data/vehicleDetails.json